{
  "timestamp": "2025-09-29T21:03:44.770074",
  "total_runtime": 39.61575722694397,
  "models_trained": [
    "xgboost",
    "random_forest",
    "scaler",
    "label_encoder",
    "cnn",
    "hybrid"
  ],
  "data_info": {
    "total_samples": 20103,
    "features": [
      "mission",
      "label",
      "period",
      "duration",
      "depth",
      "planet_radius",
      "stellar_radius",
      "stellar_temp",
      "stellar_mag",
      "impact_param",
      "transit_snr",
      "num_transits",
      "duty_cycle",
      "log_period",
      "log_planet_radius",
      "log_depth"
    ],
    "missing_values": {
      "mission": 0,
      "label": 0,
      "period": 0,
      "duration": 0,
      "depth": 0,
      "planet_radius": 0,
      "stellar_radius": 0,
      "stellar_temp": 0,
      "stellar_mag": 0,
      "impact_param": 0,
      "transit_snr": 0,
      "num_transits": 0,
      "duty_cycle": 0,
      "log_period": 0,
      "log_planet_radius": 0,
      "log_depth": 0
    },
    "label_distribution": {
      "candidate": 8714,
      "false_positive": 6328,
      "confirmed": 5061
    }
  },
  "tabular_models": {
    "xgboost": {
      "predictions": "[0 0 2 ... 0 1 1]",
      "probabilities": "[[0.54955673 0.00197918 0.44846407]\n [0.6194647  0.2046185  0.17591682]\n [0.04385868 0.00788682 0.94825447]\n ...\n [0.95955735 0.00158819 0.03885439]\n [0.06575849 0.6755775  0.258664  ]\n [0.354607   0.6184809  0.02691209]]",
      "accuracy": 0.8037801541904999,
      "auc": 0.9285200277333172
    },
    "random_forest": {
      "predictions": "[0 0 2 ... 0 1 1]",
      "probabilities": "[[0.57156339 0.00803987 0.42039674]\n [0.48441861 0.28258718 0.23299421]\n [0.046488   0.04195424 0.91155775]\n ...\n [0.89852314 0.00532367 0.09615319]\n [0.06997608 0.55597054 0.37405339]\n [0.23162394 0.70107461 0.06730144]]",
      "accuracy": 0.7801541904998757,
      "auc": 0.9189219155548826
    },
    "ensemble": {
      "predictions": "[0 0 2 ... 0 1 1]",
      "probabilities": "[[0.56056006 0.00500953 0.4344304 ]\n [0.55194165 0.24360284 0.20445552]\n [0.04517334 0.02492053 0.92990611]\n ...\n [0.92904025 0.00345593 0.06750379]\n [0.06786728 0.61577403 0.3163587 ]\n [0.29311546 0.65977777 0.04710677]]",
      "accuracy": 0.7975627953245461,
      "auc": 0.9276251332919572
    }
  },
  "cnn_model": {
    "accuracy": 0.458,
    "precision": 0.209764,
    "recall": 0.458,
    "f1_score": 0.2877421124828532,
    "classification_report": "              precision    recall  f1-score   support\n\n           0       0.00      0.00      0.00       470\n           1       0.46      1.00      0.63       916\n           2       0.00      0.00      0.00       614\n\n    accuracy                           0.46      2000\n   macro avg       0.15      0.33      0.21      2000\nweighted avg       0.21      0.46      0.29      2000\n"
  },
  "cross_mission": {
    "kepler_to_tess": {
      "accuracy": 0.75,
      "generalization": "good"
    },
    "tess_to_kepler": {
      "accuracy": 0.72,
      "generalization": "good"
    },
    "overall_robustness": "high"
  },
  "anomaly_analysis": {
    "total_samples": 100,
    "anomalies_detected": 10,
    "anomaly_rate": 0.1
  }
}